Estado;G1;G2;Prob_falla
1;1;1;0.99886
2;1;0;0.00057
3;0;1;0.00057
